title,find
Jhon Lewis Christmas Ad 2017 - #MozTheMonster,Eminen Goal Captures
Taylor Swift: …Ready for it? (Live) – SNL,Peninsula
Eminen – Walk On Water (Audio) ft. Beyoncé,walk lewis
Goals from  Salford  City vs  Class of 92 and Friends at Th,goals
Dashcam captures truck’s near miss  with child in Norway,child
Eminen  Goals  Captures,Eminen  Goals  Captures
Eminen Goal Captures,Eminen Goal Captures
Peninsula,Peninsula
walk lewis,walk lewis
goals,goals
child,child
Eminen  Goals  Captures,Eminen  Goals  Captures
